true_intent,pred_intent,true_id,pred_id,count
exchange_rate,card_payment_wrong_exchange_rate,32,17,9
transfer_fee_charged,extra_charge_on_statement,64,34,6
virtual_card_not_working,getting_virtual_card,72,40,6
pin_blocked,get_physical_card,49,38,5
unable_to_verify_identity,why_verify_identity,68,74,5
direct_debit_payment_not_recognised,card_payment_not_recognised,28,16,4
pending_cash_withdrawal,declined_cash_withdrawal,46,26,4
wrong_exchange_rate_for_cash_withdrawal,wrong_amount_of_cash_received,76,75,4
beneficiary_not_allowed,failed_transfer,7,35,3
card_payment_wrong_exchange_rate,wrong_exchange_rate_for_cash_withdrawal,17,76,3
change_pin,pin_blocked,21,49,3
declined_card_payment,reverted_card_payment?,25,53,3
disposable_card_limits,get_disposable_virtual_card,29,37,3
exchange_via_app,exchange_charge,33,31,3
get_disposable_virtual_card,disposable_card_limits,37,29,3
pending_top_up,top_up_failed,47,59,3
pending_transfer,balance_not_updated_after_bank_transfer,48,5,3
supported_cards_and_currencies,fiat_currency_support,54,36,3
top_up_by_bank_transfer_charge,top_up_by_card_charge,56,57,3
top_up_failed,pending_top_up,59,47,3
topping_up_by_card,top_up_reverted,62,61,3
transfer_not_received_by_recipient,pending_transfer,66,48,3
why_verify_identity,unable_to_verify_identity,74,68,3
activate_my_card,card_arrival,0,11,2
activate_my_card,card_not_working,0,14,2
automatic_top_up,top_up_limits,4,60,2
card_about_to_expire,card_arrival,9,11,2
card_acceptance,card_arrival,10,11,2
card_delivery_estimate,lost_or_stolen_card,12,41,2
card_not_working,declined_card_payment,14,25,2
card_payment_fee_charged,cash_withdrawal_charge,15,19,2
card_payment_not_recognised,card_payment_fee_charged,16,15,2
card_payment_wrong_exchange_rate,exchange_charge,17,31,2
cash_withdrawal_charge,card_payment_fee_charged,19,15,2
compromised_card,card_payment_not_recognised,22,16,2
declined_cash_withdrawal,card_not_working,26,14,2
direct_debit_payment_not_recognised,extra_charge_on_statement,28,34,2
extra_charge_on_statement,card_payment_fee_charged,34,15,2
get_disposable_virtual_card,getting_virtual_card,37,40,2
order_physical_card,card_linking,43,13,2
order_physical_card,request_refund,43,52,2
pending_transfer,transfer_timing,48,67,2
reverted_card_payment?,declined_card_payment,53,25,2
top_up_by_bank_transfer_charge,transfer_fee_charged,56,64,2
top_up_limits,top_up_by_card_charge,60,57,2
top_up_reverted,pending_top_up,61,47,2
transfer_not_received_by_recipient,transfer_timing,66,67,2
transfer_timing,pending_transfer,67,48,2
verify_my_identity,unable_to_verify_identity,69,68,2
why_verify_identity,verify_my_identity,74,69,2
wrong_exchange_rate_for_cash_withdrawal,cash_withdrawal_charge,76,19,2
activate_my_card,card_linking,0,13,1
age_limit,balance_not_updated_after_cheque_or_cash_deposit,1,6,1
atm_support,declined_cash_withdrawal,3,26,1
atm_support,pending_cash_withdrawal,3,46,1
automatic_top_up,top_up_by_card_charge,4,57,1
automatic_top_up,top_up_by_cash_or_cheque,4,58,1
balance_not_updated_after_bank_transfer,balance_not_updated_after_cheque_or_cash_deposit,5,6,1
balance_not_updated_after_bank_transfer,beneficiary_not_allowed,5,7,1
balance_not_updated_after_bank_transfer,pending_transfer,5,48,1
balance_not_updated_after_bank_transfer,transfer_not_received_by_recipient,5,66,1
balance_not_updated_after_bank_transfer,transfer_timing,5,67,1
balance_not_updated_after_cheque_or_cash_deposit,balance_not_updated_after_bank_transfer,6,5,1
beneficiary_not_allowed,balance_not_updated_after_bank_transfer,7,5,1
beneficiary_not_allowed,declined_transfer,7,27,1
beneficiary_not_allowed,top_up_by_bank_transfer_charge,7,56,1
beneficiary_not_allowed,transfer_into_account,7,65,1
cancel_transfer,failed_transfer,8,35,1
cancel_transfer,transfer_fee_charged,8,64,1
cancel_transfer,transfer_not_received_by_recipient,8,66,1
card_acceptance,atm_support,10,3,1
card_acceptance,card_not_working,10,14,1
card_acceptance,disposable_card_limits,10,29,1
card_arrival,card_delivery_estimate,11,12,1
card_arrival,card_not_working,11,14,1
card_delivery_estimate,card_about_to_expire,12,9,1
card_delivery_estimate,order_physical_card,12,43,1
card_linking,card_arrival,13,11,1
card_linking,order_physical_card,13,43,1
card_not_working,card_arrival,14,11,1
card_not_working,card_linking,14,13,1
card_not_working,lost_or_stolen_card,14,41,1
card_not_working,pin_blocked,14,49,1
card_payment_fee_charged,balance_not_updated_after_cheque_or_cash_deposit,15,6,1
card_payment_fee_charged,card_arrival,15,11,1
card_payment_fee_charged,exchange_charge,15,31,1
card_payment_fee_charged,extra_charge_on_statement,15,34,1
card_payment_fee_charged,request_refund,15,52,1
card_payment_fee_charged,reverted_card_payment?,15,53,1
card_payment_not_recognised,direct_debit_payment_not_recognised,16,28,1
card_payment_not_recognised,extra_charge_on_statement,16,34,1
card_payment_not_recognised,reverted_card_payment?,16,53,1
card_payment_wrong_exchange_rate,card_payment_fee_charged,17,15,1
card_swallowed,card_about_to_expire,18,9,1
card_swallowed,card_linking,18,13,1
card_swallowed,lost_or_stolen_card,18,41,1
cash_withdrawal_charge,cash_withdrawal_not_recognised,19,20,1
cash_withdrawal_charge,declined_cash_withdrawal,19,26,1
cash_withdrawal_not_recognised,compromised_card,20,22,1
change_pin,visa_or_mastercard,21,73,1
compromised_card,card_arrival,22,11,1
compromised_card,card_not_working,22,14,1
compromised_card,cash_withdrawal_not_recognised,22,20,1
contactless_not_working,card_about_to_expire,23,9,1
contactless_not_working,card_arrival,23,11,1
contactless_not_working,card_linking,23,13,1
contactless_not_working,card_not_working,23,14,1
country_support,atm_support,24,3,1
country_support,fiat_currency_support,24,36,1
declined_card_payment,card_not_working,25,14,1
declined_card_payment,card_payment_not_recognised,25,16,1
declined_card_payment,declined_transfer,25,27,1
declined_card_payment,failed_transfer,25,35,1
declined_cash_withdrawal,declined_transfer,26,27,1
declined_cash_withdrawal,pending_cash_withdrawal,26,46,1
declined_cash_withdrawal,pin_blocked,26,49,1
declined_transfer,declined_card_payment,27,25,1
declined_transfer,failed_transfer,27,35,1
disposable_card_limits,declined_card_payment,29,25,1
disposable_card_limits,getting_virtual_card,29,40,1
edit_personal_details,card_about_to_expire,30,9,1
exchange_charge,exchange_rate,31,32,1
exchange_charge,exchange_via_app,31,33,1
exchange_rate,wrong_exchange_rate_for_cash_withdrawal,32,76,1
exchange_via_app,receiving_money,33,50,1
exchange_via_app,transfer_not_received_by_recipient,33,66,1
extra_charge_on_statement,cancel_transfer,34,8,1
extra_charge_on_statement,card_payment_not_recognised,34,16,1
extra_charge_on_statement,cash_withdrawal_charge,34,19,1
extra_charge_on_statement,transaction_charged_twice,34,63,1
extra_charge_on_statement,transfer_fee_charged,34,64,1
failed_transfer,transfer_not_received_by_recipient,35,66,1
fiat_currency_support,exchange_charge,36,31,1
fiat_currency_support,exchange_via_app,36,33,1
get_disposable_virtual_card,order_physical_card,37,43,1
get_physical_card,passcode_forgotten,38,44,1
getting_spare_card,card_about_to_expire,39,9,1
getting_spare_card,exchange_charge,39,31,1
getting_spare_card,extra_charge_on_statement,39,34,1
getting_virtual_card,disposable_card_limits,40,29,1
getting_virtual_card,order_physical_card,40,43,1
lost_or_stolen_card,card_linking,41,13,1
lost_or_stolen_card,compromised_card,41,22,1
lost_or_stolen_phone,card_linking,42,13,1
lost_or_stolen_phone,lost_or_stolen_card,42,41,1
order_physical_card,card_about_to_expire,43,9,1
order_physical_card,card_arrival,43,11,1
order_physical_card,country_support,43,24,1
pending_card_payment,card_payment_not_recognised,45,16,1
pending_card_payment,declined_card_payment,45,25,1
pending_card_payment,pending_transfer,45,48,1
pending_cash_withdrawal,cash_withdrawal_charge,46,19,1
pending_cash_withdrawal,pending_card_payment,46,45,1
pending_cash_withdrawal,pending_transfer,46,48,1
pending_cash_withdrawal,transaction_charged_twice,46,63,1
pending_top_up,balance_not_updated_after_bank_transfer,47,5,1
pending_top_up,top_up_reverted,47,61,1
pending_transfer,reverted_card_payment?,48,53,1
pending_transfer,transfer_not_received_by_recipient,48,66,1
pin_blocked,lost_or_stolen_card,49,41,1
receiving_money,age_limit,50,1,1
receiving_money,failed_transfer,50,35,1
receiving_money,transfer_not_received_by_recipient,50,66,1
Refund_not_showing_up,request_refund,51,52,1
Refund_not_showing_up,reverted_card_payment?,51,53,1
Refund_not_showing_up,transfer_timing,51,67,1
request_refund,Refund_not_showing_up,52,51,1
reverted_card_payment?,card_payment_fee_charged,53,15,1
reverted_card_payment?,transfer_not_received_by_recipient,53,66,1
terminate_account,cancel_transfer,55,8,1
terminate_account,card_linking,55,13,1
terminate_account,top_up_by_cash_or_cheque,55,58,1
top_up_by_bank_transfer_charge,wrong_exchange_rate_for_cash_withdrawal,56,76,1
top_up_by_cash_or_cheque,balance_not_updated_after_cheque_or_cash_deposit,58,6,1
top_up_by_cash_or_cheque,reverted_card_payment?,58,53,1
top_up_by_cash_or_cheque,supported_cards_and_currencies,58,54,1
top_up_by_cash_or_cheque,topping_up_by_card,58,62,1
top_up_by_cash_or_cheque,transfer_into_account,58,65,1
top_up_failed,terminate_account,59,55,1
top_up_failed,top_up_reverted,59,61,1
top_up_failed,transfer_not_received_by_recipient,59,66,1
top_up_limits,top_up_by_cash_or_cheque,60,58,1
top_up_limits,top_up_failed,60,59,1
top_up_reverted,balance_not_updated_after_bank_transfer,61,5,1
top_up_reverted,lost_or_stolen_phone,61,42,1
top_up_reverted,top_up_failed,61,59,1
topping_up_by_card,card_linking,62,13,1
topping_up_by_card,declined_cash_withdrawal,62,26,1
topping_up_by_card,pending_top_up,62,47,1
topping_up_by_card,supported_cards_and_currencies,62,54,1
topping_up_by_card,verify_top_up,62,71,1
transaction_charged_twice,reverted_card_payment?,63,53,1
transaction_charged_twice,wrong_exchange_rate_for_cash_withdrawal,63,76,1
transfer_fee_charged,card_payment_fee_charged,64,15,1
transfer_fee_charged,cash_withdrawal_charge,64,19,1
transfer_fee_charged,failed_transfer,64,35,1
transfer_fee_charged,wrong_amount_of_cash_received,64,75,1
transfer_into_account,supported_cards_and_currencies,65,54,1
transfer_into_account,top_up_by_cash_or_cheque,65,58,1
transfer_into_account,verify_source_of_funds,65,70,1
transfer_not_received_by_recipient,balance_not_updated_after_bank_transfer,66,5,1
transfer_not_received_by_recipient,beneficiary_not_allowed,66,7,1
transfer_not_received_by_recipient,direct_debit_payment_not_recognised,66,28,1
transfer_not_received_by_recipient,reverted_card_payment?,66,53,1
transfer_timing,balance_not_updated_after_bank_transfer,67,5,1
unable_to_verify_identity,verify_my_identity,68,69,1
verify_my_identity,why_verify_identity,69,74,1
verify_source_of_funds,balance_not_updated_after_cheque_or_cash_deposit,70,6,1
verify_source_of_funds,card_arrival,70,11,1
verify_source_of_funds,pending_top_up,70,47,1
verify_top_up,pending_top_up,71,47,1
verify_top_up,verify_my_identity,71,69,1
virtual_card_not_working,get_disposable_virtual_card,72,37,1
visa_or_mastercard,supported_cards_and_currencies,73,54,1
why_verify_identity,edit_personal_details,74,30,1
why_verify_identity,failed_transfer,74,35,1
why_verify_identity,request_refund,74,52,1
wrong_amount_of_cash_received,balance_not_updated_after_cheque_or_cash_deposit,75,6,1
wrong_amount_of_cash_received,pending_cash_withdrawal,75,46,1
wrong_exchange_rate_for_cash_withdrawal,card_payment_wrong_exchange_rate,76,17,1
wrong_exchange_rate_for_cash_withdrawal,declined_cash_withdrawal,76,26,1
